,href,Text content,layer3
0,/wiki/A.K._Perumal,A.K. Perumal,A.K. Perumal
1,/wiki/A.M._Samy,A.M. Samy,A.M. Samy
2,/wiki/A.P._Periyasamy_Pulavar,A.P. Periyasamy Pulavar,A.P. Periyasamy Pulavar
3,/wiki/A.P._Vallinayakam,A.P. Vallinayakam,A.P. Vallinayakam
4,/wiki/A.R._Madhavaraya_Mudaliar,A.R. Madhavaraya Mudaliar,A.R. Madhavaraya Mudaliar
5,/wiki/A.Ra.Sivakumaran,A.Ra.Sivakumaran,A.Ra.Sivakumaran
6,/wiki/A.Ramasamy,A.Ramasamy,A.Ramasamy
7,/wiki/A.S._Raghavan,A.S. Raghavan,A.S. Raghavan
8,/wiki/A.Srinivasa_Raghavan,A.Srinivasa Raghavan,A.Srinivasa Raghavan
9,/wiki/A.W._Brough,A.W. Brough,A.W. Brough
10,/wiki/A._A._Manavalan,A. A. Manavalan,A. A. Manavalan
11,/wiki/A._Arivunambi,A. Arivunambi,A. Arivunambi
12,/wiki/A._Balamanogaran,A. Balamanogaran,A. Balamanogaran
13,/wiki/A._Chandrasekhara_Pandithar,A. Chandrasekhara Pandithar,A. Chandrasekhara Pandithar
14,/wiki/A._Chidambaranatha_Chettiar,A. Chidambaranatha Chettiar,A. Chidambaranatha Chettiar
15,/wiki/A._Ekamparanathan,A. Ekamparanathan,A. Ekamparanathan
16,/wiki/A._K._Chettiyar,A. K. Chettiyar,A. K. Chettiyar
17,/wiki/A._K._Paranthamanar,A. K. Paranthamanar,A. K. Paranthamanar
18,/wiki/A._Kumaraswamy_Pulavar,A. Kumaraswamy Pulavar,A. Kumaraswamy Pulavar
19,/wiki/A._Madhavan,A. Madhavan,A. Madhavan
20,/wiki/A._Madhaviah,A. Madhaviah,A. Madhaviah
21,/wiki/A._Muthusivan,A. Muthusivan,A. Muthusivan
22,/wiki/A._Muthuthambi_Pillai,A. Muthuthambi Pillai,A. Muthuthambi Pillai
23,/wiki/A._Muttulingam,A. Muttulingam,A. Muttulingam
24,/wiki/A._Nagappa_Mudhaliar,A. Nagappa Mudhaliar,A. Nagappa Mudhaliar
25,/wiki/A._Nanjaiyappa_Pulavar,A. Nanjaiyappa Pulavar,A. Nanjaiyappa Pulavar
26,/wiki/A._Poovaragam_Pillai,A. Poovaragam Pillai,A. Poovaragam Pillai
27,/wiki/A._Raghavan,A. Raghavan,A. Raghavan
28,/wiki/A._Rengasamy,A. Rengasamy,A. Rengasamy
29,/wiki/A._S._Gnanasambanthan,A. S. Gnanasambanthan,A. S. Gnanasambanthan
30,/wiki/A._S._Sundararajan,A. S. Sundararajan,A. S. Sundararajan
31,/wiki/A._Sakthiverpillai,A. Sakthiverpillai,A. Sakthiverpillai
32,/wiki/A._Saravanamuththan,A. Saravanamuththan,A. Saravanamuththan
33,/wiki/A._Vaidyanatha_Iyer,A. Vaidyanatha Iyer,A. Vaidyanatha Iyer
34,/wiki/A._Vennila,A. Vennila,A. Vennila
35,/wiki/Aadhavan,Aadhavan,Aadhavan
36,/wiki/Aali_Aattam,Aali Aattam,Aali Aattam
37,/wiki/Aaraichi_Mani,Aaraichi Mani,Aaraichi Mani
38,/wiki/Aarambasiriyan,Aarambasiriyan,Aarambasiriyan
39,/wiki/Aariyar_Divya_Desa_Yaaththiraiyin_Chariththiram,Aariyar Divya Desa Yaaththiraiyin Chariththiram,Aariyar Divya Desa Yaaththiraiyin Chariththiram
40,/wiki/AathMaarthi,AathMaarthi,AathMaarthi
41,/wiki/Aatrupadai,Aatrupadai,Aatrupadai
42,/wiki/Aavoor_Moolankizhar_Maganar_Perunthalai_Sathanar,Aavoor Moolankizhar Maganar Perunthalai Sathanar,Aavoor Moolankizhar Maganar Perunthalai Sathanar
43,/wiki/Aavoorkizhar_Maganar_Kannanar,Aavoorkizhar Maganar Kannanar,Aavoorkizhar Maganar Kannanar
44,/wiki/Aavudai_Akkaal,Aavudai Akkaal,Aavudai Akkaal
45,/wiki/Abdul_Majeed_Pulavar,Abdul Majeed Pulavar,Abdul Majeed Pulavar
46,/wiki/Abdul_Rahman,Abdul Rahman,Abdul Rahman
47,/wiki/Abhinandannath,Abhinandannath,Abhinandannath
48,/wiki/Abi,Abi,Abi
49,/wiki/Abitha,Abitha,Abitha
50,/wiki/Abithaana_Kosam,Abithaana Kosam,Abithaana Kosam
51,/wiki/Abraham_Pandithar,Abraham Pandithar,Abraham Pandithar
52,/wiki/Achyutadasar,Achyutadasar,Achyutadasar
53,/wiki/Adhipattha_Nayanar,Adhipattha Nayanar,Adhipattha Nayanar
54,/wiki/Adhiveera_Rama_Pandiyar,Adhiveera Rama Pandiyar,Adhiveera Rama Pandiyar
55,/wiki/Adinatha,Adinatha,Adinatha
56,/wiki/Agalur_Adinathar,Agalur Adinathar,Agalur Adinathar
57,/wiki/Agaporutkovai,Agaporutkovai,Agaporutkovai
58,/wiki/Agastheeswaram_Temple,Agastheeswaram Temple,Agastheeswaram Temple
59,/wiki/Aghora_Sage,Aghora Sage,Aghora Sage
60,/wiki/Aghora_Shivacharya,Aghora Shivacharya,Aghora Shivacharya
61,/wiki/Agni_Sukumar,Agni Sukumar,Agni Sukumar
62,/wiki/Aiyur_Moolankizhar,Aiyur Moolankizhar,Aiyur Moolankizhar
63,/wiki/Ajitanathar,Ajitanathar,Ajitanathar
64,/wiki/Ak,Ak,Ak
65,/wiki/Akaramudhalvan,Akaramudhalvan,Akaramudhalvan
66,/wiki/Akazh,Akazh,Akazh
67,/wiki/Akhileswara_Sarma,Akhileswara Sarma,Akhileswara Sarma
68,/wiki/Akilathirattu,Akilathirattu,Akilathirattu
69,/wiki/Alai,Alai,Alai
70,/wiki/Alamat_Langkapuri,Alamat Langkapuri,Alamat Langkapuri
71,/wiki/Alangarapanjagam,Alangarapanjagam,Alangarapanjagam
72,/wiki/Alathur_Kilar,Alathur Kilar,Alathur Kilar
73,"/wiki/Alauddin,_Sayyid_Muhammad_Kali","Alauddin, Sayyid Muhammad Kali","Alauddin, Sayyid Muhammad Kali"
74,/wiki/Alip_Pulavar,Alip Pulavar,Alip Pulavar
75,/wiki/Alli_(novel),Alli (novel),Alli (novel)
76,/wiki/Alva,Alva,Alva
77,/wiki/Alwarappillai,Alwarappillai,Alwarappillai
78,/wiki/Amarneethi_Nayanar,Amarneethi Nayanar,Amarneethi Nayanar
79,/wiki/Ambai,Ambai,Ambai
80,/wiki/Ambalavana_Pandithar,Ambalavana Pandithar,Ambalavana Pandithar
81,/wiki/Ambikaipaker,Ambikaipaker,Ambikaipaker
82,/wiki/American_Ceylon_Mission,American Ceylon Mission,American Ceylon Mission
83,/wiki/Amirtha_Gunabodhini,Amirtha Gunabodhini,Amirtha Gunabodhini
84,/wiki/Amirtham_Sundaranathapillai,Amirtham Sundaranathapillai,Amirtham Sundaranathapillai
85,/wiki/Amirtham_Surya,Amirtham Surya,Amirtham Surya
86,/wiki/Amma_Vandhaal,Amma Vandhaal,Amma Vandhaal
87,/wiki/Ammachathiram_Kannuswamy_Pillai,Ammachathiram Kannuswamy Pillai,Ammachathiram Kannuswamy Pillai
88,/wiki/Amman_Koothu,Amman Koothu,Amman Koothu
89,/wiki/Amman_Nesavu,Amman Nesavu,Amman Nesavu
90,/wiki/Ammanai,Ammanai,Ammanai
91,/wiki/Ammapettai_Pakkiri_Pillai,Ammapettai Pakkiri Pillai,Ammapettai Pakkiri Pillai
92,/wiki/Amuthasurabi_(Magazine),Amuthasurabi (Magazine),Amuthasurabi (Magazine)
93,/wiki/Anai_Ayya,Anai Ayya,Anai Ayya
94,/wiki/Ananadkumar,Ananadkumar,Ananadkumar
95,/wiki/Ananda_Coomaraswamy,Ananda Coomaraswamy,Ananda Coomaraswamy
96,/wiki/Ananda_Ranga_Pillai,Ananda Ranga Pillai,Ananda Ranga Pillai
97,/wiki/Anandabodhini,Anandabodhini,Anandabodhini
98,/wiki/Ananthamangalam_Hills,Ananthamangalam Hills,Ananthamangalam Hills
99,/wiki/Anantnath,Anantnath,Anantnath
100,/wiki/Anaya_Nayanar,Anaya Nayanar,Anaya Nayanar
101,/wiki/Anayaa_Vilakku_(novel),Anayaa Vilakku (novel),Anayaa Vilakku (novel)
102,/wiki/Anbunilayam_Allathu_Valum_Vagai,Anbunilayam Allathu Valum Vagai,Anbunilayam Allathu Valum Vagai
103,/wiki/Andangoil_Karuppaiya_Pillai,Andangoil Karuppaiya Pillai,Andangoil Karuppaiya Pillai
104,/wiki/Andar_Magan_Guruvaluthiyar,Andar Magan Guruvaluthiyar,Andar Magan Guruvaluthiyar
105,/wiki/Andhadhi,Andhadhi,Andhadhi
106,/wiki/Andi_Subramaniyam,Andi Subramaniyam,Andi Subramaniyam
107,/wiki/Angamaalai,Angamaalai,Angamaalai
108,/wiki/Anil,Anil,Anil
109,/wiki/Anil_Anna,Anil Anna,Anil Anna
110,/wiki/Anil_Mama,Anil Mama,Anil Mama
111,/wiki/Anitha_Ilam_Manaivi,Anitha Ilam Manaivi,Anitha Ilam Manaivi
112,/wiki/Anjuvannam,Anjuvannam,Anjuvannam
113,/wiki/Annamalai_Reddiyar,Annamalai Reddiyar,Annamalai Reddiyar
114,/wiki/Annie_Crouch,Annie Crouch,Annie Crouch
115,/wiki/Annogen_Balakrishnan,Annogen Balakrishnan,Annogen Balakrishnan
116,/wiki/Anuragamaalai,Anuragamaalai,Anuragamaalai
117,/wiki/Anuthama,Anuthama,Anuthama
118,/wiki/Appadurai_Pillai,Appadurai Pillai,Appadurai Pillai
119,/wiki/Appam_Vadai_Thayir_Sadam,Appam Vadai Thayir Sadam,Appam Vadai Thayir Sadam
120,/wiki/Appukuddy_Iyer,Appukuddy Iyer,Appukuddy Iyer
121,/wiki/Appusami-Seethapatti,Appusami-Seethapatti,Appusami-Seethapatti
122,/wiki/Apputhi_Adigal,Apputhi Adigal,Apputhi Adigal
123,/wiki/Arahnath,Arahnath,Arahnath
124,/wiki/Araichi_Mani,Araichi Mani,Araichi Mani
125,/wiki/Aralvaymozhi_Meenakshi_Amman_Temple,Aralvaymozhi Meenakshi Amman Temple,Aralvaymozhi Meenakshi Amman Temple
126,/wiki/Aram,Aram,Aram
127,/wiki/Arasakesari,Arasakesari,Arasakesari
128,/wiki/Arasan_Shanmuganar,Arasan Shanmuganar,Arasan Shanmuganar
129,/wiki/Arasanvirutham,Arasanvirutham,Arasanvirutham
130,/wiki/Aravalli_Sooravalli_Story,Aravalli Sooravalli Story,Aravalli Sooravalli Story
131,/wiki/Aravind_Swaminathan,Aravind Swaminathan,Aravind Swaminathan
132,/wiki/Arcot_Thoothan,Arcot Thoothan,Arcot Thoothan
133,/wiki/Arcotkizhar_Maganaar_Vellaikannathanar,Arcotkizhar Maganaar Vellaikannathanar,Arcotkizhar Maganaar Vellaikannathanar
134,/wiki/Arihantagiri_Jain_Monastery,Arihantagiri Jain Monastery,Arihantagiri Jain Monastery
135,/wiki/Arisilkizhaar,Arisilkizhaar,Arisilkizhaar
136,/wiki/Arittapatti_Mount_(Enperumkundram),Arittapatti Mount (Enperumkundram),Arittapatti Mount (Enperumkundram)
137,/wiki/Arivanandha_Adigal,Arivanandha Adigal,Arivanandha Adigal
138,/wiki/Arivattaya_Nayanar,Arivattaya Nayanar,Arivattaya Nayanar
139,/wiki/Arivudai_Nambi,Arivudai Nambi,Arivudai Nambi
140,/wiki/Ariyakudi_Ramanuja_Iyengar,Ariyakudi Ramanuja Iyengar,Ariyakudi Ramanuja Iyengar
141,/wiki/Ariyavarasan_Yazhppiramadhathan,Ariyavarasan Yazhppiramadhathan,Ariyavarasan Yazhppiramadhathan
142,/wiki/Arjuna%27s_Tapas,Arjuna's Tapas,Arjuna's Tapas
143,/wiki/Armenian_Church,Armenian Church,Armenian Church
144,/wiki/Arnold_Sathasivampillai,Arnold Sathasivampillai,Arnold Sathasivampillai
145,/wiki/Arogyaniketan,Arogyaniketan,Arogyaniketan
146,/wiki/Arokiya_Deepigai,Arokiya Deepigai,Arokiya Deepigai
147,/wiki/Arputha_Thiruvandhadhi,Arputha Thiruvandhadhi,Arputha Thiruvandhadhi
148,/wiki/Aru._Su._Jeevanandan,Aru. Su. Jeevanandan,Aru. Su. Jeevanandan
149,/wiki/Aruma_Mount_Cave_Temple,Aruma Mount Cave Temple,Aruma Mount Cave Temple
150,/wiki/Arumuga_Adigal,Arumuga Adigal,Arumuga Adigal
151,/wiki/Arumuga_Mudaliar,Arumuga Mudaliar,Arumuga Mudaliar
152,/wiki/Arumuga_Perumal_Nadar,Arumuga Perumal Nadar,Arumuga Perumal Nadar
153,/wiki/Arumuga_Upadhiyar,Arumuga Upadhiyar,Arumuga Upadhiyar
154,/wiki/Arumugam_Pillai,Arumugam Pillai,Arumugam Pillai
155,/wiki/Arumuka_Navalar,Arumuka Navalar,Arumuka Navalar
156,/wiki/Arunachala_Kavirayar,Arunachala Kavirayar,Arunachala Kavirayar
157,/wiki/Arunachalam_(Asaiyar),Arunachalam (Asaiyar),Arunachalam (Asaiyar)
158,/wiki/Arunagirinathar,Arunagirinathar,Arunagirinathar
159,/wiki/Arungalacheppu,Arungalacheppu,Arungalacheppu
160,/wiki/Arunmozhinangai,Arunmozhinangai,Arunmozhinangai
161,/wiki/Arutpa_Marutpa_Debate,Arutpa Marutpa Debate,Arutpa Marutpa Debate
162,/wiki/Asalambikai,Asalambikai,Asalambikai
163,/wiki/Asanbey_Sarithiram_(novel),Asanbey Sarithiram (novel),Asanbey Sarithiram (novel)
164,/wiki/Ashokamitran,Ashokamitran,Ashokamitran
165,/wiki/Ashtavadanam_Sabapathi_Mudaliar,Ashtavadanam Sabapathi Mudaliar,Ashtavadanam Sabapathi Mudaliar
166,/wiki/Atchipakkam_Mount,Atchipakkam Mount,Atchipakkam Mount
167,/wiki/Athalaiyur_Suriyakumar,Athalaiyur Suriyakumar,Athalaiyur Suriyakumar
168,/wiki/Attamangalam,Attamangalam,Attamangalam
169,/wiki/Avadhanam_(Memory_Art),Avadhanam (Memory Art),Avadhanam (Memory Art)
170,/wiki/Avinayam,Avinayam,Avinayam
171,/wiki/Avur_Kizhar,Avur Kizhar,Avur Kizhar
172,/wiki/Avur_Mulankizhar,Avur Mulankizhar,Avur Mulankizhar
173,/wiki/Ayulveda_Baskaran,Ayulveda Baskaran,Ayulveda Baskaran
174,/wiki/Ayyakannu_Pulavar,Ayyakannu Pulavar,Ayyakannu Pulavar
175,/wiki/Ayyam_Perumal_Konar,Ayyam Perumal Konar,Ayyam Perumal Konar
176,/wiki/Ayyampettai_Venugopal_Pillai,Ayyampettai Venugopal Pillai,Ayyampettai Venugopal Pillai
177,/wiki/Ayyanarkulam_Hill_Temple,Ayyanarkulam Hill Temple,Ayyanarkulam Hill Temple
178,/wiki/Azha._Valliyappa,Azha. Valliyappa,Azha. Valliyappa
179,/wiki/Azhagar_Malai_(Irungkundram),Azhagar Malai (Irungkundram),Azhagar Malai (Irungkundram)
180,/wiki/Azhagiya_Nayagi_Ammal,Azhagiya Nayagi Ammal,Azhagiya Nayagi Ammal
181,/wiki/Azhagiya_Thiruchitrambala_Adigal,Azhagiya Thiruchitrambala Adigal,Azhagiya Thiruchitrambala Adigal
182,/wiki/Azhiyakolam_(Novel),Azhiyakolam (Novel),Azhiyakolam (Novel)
