,href,Text content,layer3
0,/wiki/B._R._Rajam_Iyer,B. R. Rajam Iyer,B. R. Rajam Iyer
1,/wiki/Balar_Malar,Balar Malar,Balar Malar
2,/wiki/Balasubramaniam_Muthusamy,Balasubramaniam Muthusamy,Balasubramaniam Muthusamy
3,/wiki/Bhakti,Bhakti,Bhakti
4,/wiki/Biography,Biography,Biography
5,/wiki/Brenda_Beck,Brenda Beck,Brenda Beck
