,href,Text content,layer3
0,/wiki/Idaikkundrur_Kilar,Idaikkundrur Kilar,Idaikkundrur Kilar
1,/wiki/Idaiyan_Idaichi_Kathai,Idaiyan Idaichi Kathai,Idaiyan Idaichi Kathai
2,/wiki/Idangazhi_Nayanar,Idangazhi Nayanar,Idangazhi Nayanar
3,/wiki/Idayar,Idayar,Idayar
4,/wiki/Ilaiyaperumal_Pillai,Ilaiyaperumal Pillai,Ilaiyaperumal Pillai
5,/wiki/Ilakkiyapeetam,Ilakkiyapeetam,Ilakkiyapeetam
6,/wiki/Ilakkiyathukku_Or_Iyakkam,Ilakkiyathukku Or Iyakkam,Ilakkiyathukku Or Iyakkam
7,/wiki/Ilakkiyavattam_(Magazine),Ilakkiyavattam (Magazine),Ilakkiyavattam (Magazine)
8,/wiki/Ilakkiyavattam_Malaysia_(Magazine),Ilakkiyavattam Malaysia (Magazine),Ilakkiyavattam Malaysia (Magazine)
9,/wiki/Ilakkuvanar,Ilakkuvanar,Ilakkuvanar
10,/wiki/Ilango_Krishnan,Ilango Krishnan,Ilango Krishnan
11,/wiki/Ilankaiyarkon,Ilankaiyarkon,Ilankaiyarkon
12,/wiki/Ilanthirayan,Ilanthirayan,Ilanthirayan
13,/wiki/Ilayankudi_Mara_Nayanar,Ilayankudi Mara Nayanar,Ilayankudi Mara Nayanar
14,/wiki/Illupur_Nallakumar_Pillai,Illupur Nallakumar Pillai,Illupur Nallakumar Pillai
15,/wiki/Imayath_Thiyagam,Imayath Thiyagam,Imayath Thiyagam
16,/wiki/Inaimanimaalai,Inaimanimaalai,Inaimanimaalai
17,/wiki/Inbakavi,Inbakavi,Inbakavi
18,/wiki/Indhumathi,Indhumathi,Indhumathi
19,/wiki/India_(Magazine),India (Magazine),India (Magazine)
20,/wiki/Indira_Neelam_(Venmurasu_Novel_Part_7),Indira Neelam (Venmurasu Novel Part 7),Indira Neelam (Venmurasu Novel Part 7)
21,/wiki/Indira_Parthasarathy,Indira Parthasarathy,Indira Parthasarathy
22,/wiki/Indirakaliyam,Indirakaliyam,Indirakaliyam
23,/wiki/Indra_Soundarrajan,Indra Soundarrajan,Indra Soundarrajan
24,/wiki/Iniyavai_Narpathu,Iniyavai Narpathu,Iniyavai Narpathu
25,/wiki/Injikudi_Kandaswamy_Pillai,Injikudi Kandaswamy Pillai,Injikudi Kandaswamy Pillai
26,/wiki/Injikudi_Pichaikannu_Pillai,Injikudi Pichaikannu Pillai,Injikudi Pichaikannu Pillai
27,/wiki/Inkulab,Inkulab,Inkulab
28,/wiki/Inna_Narpathu,Inna Narpathu,Inna Narpathu
29,/wiki/Innoru_Pattampoochi,Innoru Pattampoochi,Innoru Pattampoochi
30,/wiki/Intermediate_Magazine,Intermediate Magazine,Intermediate Magazine
31,/wiki/Irataimanimaalai,Irataimanimaalai,Irataimanimaalai
32,/wiki/Irattai_Pulavargal,Irattai Pulavargal,Irattai Pulavargal
33,/wiki/Irumbu_Kuthiraigal,Irumbu Kuthiraigal,Irumbu Kuthiraigal
34,/wiki/Irupa_Irupathu,Irupa Irupathu,Irupa Irupathu
35,/wiki/Isaac_Arumairasan,Isaac Arumairasan,Isaac Arumairasan
36,/wiki/Isaac_Henry_Hacker,Isaac Henry Hacker,Isaac Henry Hacker
37,/wiki/Isai_(poet),Isai (poet),Isai (poet)
38,/wiki/Isaignaniyar,Isaignaniyar,Isaignaniyar
39,/wiki/Isaipadal,Isaipadal,Isaipadal
40,/wiki/Islamic_Devotional_Magazines,Islamic Devotional Magazines,Islamic Devotional Magazines
41,/wiki/Iyanmozhi_Vaazhthu,Iyanmozhi Vaazhthu,Iyanmozhi Vaazhthu
42,/wiki/Iyanthira_Deivam_(Short_Story),Iyanthira Deivam (Short Story),Iyanthira Deivam (Short Story)
43,/wiki/Iyarpagai_Nayanar,Iyarpagai Nayanar,Iyarpagai Nayanar
