,href,Text content,layer3
0,/wiki/K.J._Ashok_Kumar,K.J. Ashok Kumar,K.J. Ashok Kumar
1,/wiki/K.M._Adimoolam,K.M. Adimoolam,K.M. Adimoolam
2,/wiki/K.N._Sivaraman,K.N. Sivaraman,K.N. Sivaraman
3,/wiki/K.R._Vasudevan,K.R. Vasudevan,K.R. Vasudevan
4,/wiki/K.S.V._Lakshmi_Ammal,K.S.V. Lakshmi Ammal,K.S.V. Lakshmi Ammal
5,/wiki/K.S._Dhileepan,K.S. Dhileepan,K.S. Dhileepan
6,/wiki/K.S._Maniam,K.S. Maniam,K.S. Maniam
7,/wiki/K.T._Selvarasagopal,K.T. Selvarasagopal,K.T. Selvarasagopal
8,/wiki/K.V._Jayashree,K.V. Jayashree,K.V. Jayashree
9,/wiki/K.V._Shailaja,K.V. Shailaja,K.V. Shailaja
10,/wiki/K.V._Thiruvenkata_Naidu,K.V. Thiruvenkata Naidu,K.V. Thiruvenkata Naidu
11,/wiki/K._Anandasuppaiyar,K. Anandasuppaiyar,K. Anandasuppaiyar
12,/wiki/K._Chandrasekaran,K. Chandrasekaran,K. Chandrasekaran
13,/wiki/K._Chellaiya_Annaviyar,K. Chellaiya Annaviyar,K. Chellaiya Annaviyar
14,/wiki/K._Ganeshram,K. Ganeshram,K. Ganeshram
15,/wiki/K._Magudeeswaran,K. Magudeeswaran,K. Magudeeswaran
16,/wiki/K._Muthiah,K. Muthiah,K. Muthiah
17,/wiki/K._N._Ganapathipillai,K. N. Ganapathipillai,K. N. Ganapathipillai
18,/wiki/K._Nanjaya_Pulavar,K. Nanjaya Pulavar,K. Nanjaya Pulavar
19,/wiki/K._Natesa_Iyer,K. Natesa Iyer,K. Natesa Iyer
20,/wiki/K._Ramanujam,K. Ramanujam,K. Ramanujam
21,/wiki/K._S._Venkataramani,K. S. Venkataramani,K. S. Venkataramani
22,/wiki/K._Savitri_Ammal,K. Savitri Ammal,K. Savitri Ammal
23,/wiki/K._Subramania_Pillai,K. Subramania Pillai,K. Subramania Pillai
24,/wiki/K._Vaithiyalingam,K. Vaithiyalingam,K. Vaithiyalingam
25,/wiki/K._Verpillai,K. Verpillai,K. Verpillai
26,/wiki/K._Vigneswaran,K. Vigneswaran,K. Vigneswaran
27,/wiki/Ka.Na._Subramaniam,Ka.Na. Subramaniam,Ka.Na. Subramaniam
28,/wiki/Ka._Appadurai,Ka. Appadurai,Ka. Appadurai
29,/wiki/Ka._Kaliaperumal,Ka. Kaliaperumal,Ka. Kaliaperumal
30,/wiki/Ka._Naa._Subramanyam,Ka. Naa. Subramanyam,Ka. Naa. Subramanyam
31,/wiki/Ka._Sri._Sri,Ka. Sri. Sri,Ka. Sri. Sri
32,/wiki/Kaadharperumayum_Kadungudi_Sirumayum_or_Kripambigai_(novel),Kaadharperumayum Kadungudi Sirumayum or Kripambigai (novel),Kaadharperumayum Kadungudi Sirumayum or Kripambigai (novel)
33,/wiki/Kaarai_Siddhar,Kaarai Siddhar,Kaarai Siddhar
34,/wiki/Kaari_Kilar,Kaari Kilar,Kaari Kilar
35,/wiki/Kaari_Kutam,Kaari Kutam,Kaari Kutam
36,/wiki/Kabilan_(Bhanuvin_Maynthar),Kabilan (Bhanuvin Maynthar),Kabilan (Bhanuvin Maynthar)
37,/wiki/Kabilan_(Salihotranin_Tanthai),Kabilan (Salihotranin Tanthai),Kabilan (Salihotranin Tanthai)
38,/wiki/Kabilan_(Viswamithirarin_Magan),Kabilan (Viswamithirarin Magan),Kabilan (Viswamithirarin Magan)
39,/wiki/Kabilar%27s_flowers,Kabilar's flowers,Kabilar's flowers
40,/wiki/Kabilar_Rock,Kabilar Rock,Kabilar Rock
41,/wiki/Kabilarin_Malargal,Kabilarin Malargal,Kabilarin Malargal
42,/wiki/Kadal_Pura,Kadal Pura,Kadal Pura
43,/wiki/Kadalukku_Appal,Kadalukku Appal,Kadalukku Appal
44,/wiki/Kadalul_Maaintha_Ilamperuvazhuthi,Kadalul Maaintha Ilamperuvazhuthi,Kadalul Maaintha Ilamperuvazhuthi
45,/wiki/Kadarkarai,Kadarkarai,Kadarkarai
46,/wiki/Kadarkarai_Kaviyarangam,Kadarkarai Kaviyarangam,Kadarkarai Kaviyarangam
47,/wiki/Kadavul_Thodangiya_Idam_(Novel),Kadavul Thodangiya Idam (Novel),Kadavul Thodangiya Idam (Novel)
48,/wiki/Kadhambavin_Yethiri_(novel),Kadhambavin Yethiri (novel),Kadhambavin Yethiri (novel)
49,/wiki/Kalachakram_Narasimha,Kalachakram Narasimha,Kalachakram Narasimha
50,/wiki/Kalaimagal,Kalaimagal,Kalaimagal
51,/wiki/Kalam_(Magazine),Kalam (Magazine),Kalam (Magazine)
52,/wiki/Kalam_Selvam,Kalam Selvam,Kalam Selvam
53,/wiki/Kalambagam,Kalambagam,Kalambagam
54,/wiki/Kalamohan,Kalamohan,Kalamohan
55,/wiki/Kalamohini,Kalamohini,Kalamohini
56,/wiki/Kalangiya_Nathi,Kalangiya Nathi,Kalangiya Nathi
57,/wiki/Kalathugal,Kalathugal,Kalathugal
58,/wiki/Kalavazhi_Narpathu,Kalavazhi Narpathu,Kalavazhi Narpathu
59,/wiki/Kalevala,Kalevala,Kalevala
60,/wiki/Kalki_(Weekly_Magazine),Kalki (Weekly Magazine),Kalki (Weekly Magazine)
61,/wiki/Kalki_(writer),Kalki (writer),Kalki (writer)
62,/wiki/Kalki_Sadasivam,Kalki Sadasivam,Kalki Sadasivam
63,/wiki/Kallaadam_(Paatiyal_Book),Kallaadam (Paatiyal Book),Kallaadam (Paatiyal Book)
64,/wiki/Kallaadar_(11-12th_century_CE),Kallaadar (11-12th century CE),Kallaadar (11-12th century CE)
65,/wiki/Kallaadar_(9th_century_CE),Kallaadar (9th century CE),Kallaadar (9th century CE)
66,/wiki/Kallo_Kaviyamo,Kallo Kaviyamo,Kallo Kaviyamo
67,/wiki/Kallukul_Eeram,Kallukul Eeram,Kallukul Eeram
68,/wiki/Kalpadaru,Kalpadaru,Kalpadaru
69,/wiki/Kalpana_Jayakanth,Kalpana Jayakanth,Kalpana Jayakanth
70,/wiki/Kalvanin_Kadhali_(novel),Kalvanin Kadhali (novel),Kalvanin Kadhali (novel)
71,/wiki/Kalvi_Ithazhgal,Kalvi Ithazhgal,Kalvi Ithazhgal
72,/wiki/Kamal_Haasan,Kamal Haasan,Kamal Haasan
73,/wiki/Kamala_Padmanabhan,Kamala Padmanabhan,Kamala Padmanabhan
74,/wiki/Kamala_Sadagopan,Kamala Sadagopan,Kamala Sadagopan
75,/wiki/Kamala_Virudhachalam,Kamala Virudhachalam,Kamala Virudhachalam
76,/wiki/Kamaladevi,Kamaladevi,Kamaladevi
77,/wiki/Kamalam,Kamalam,Kamalam
78,/wiki/Kamalambal_Charithiram,Kamalambal Charithiram,Kamalambal Charithiram
79,/wiki/Kaman,Kaman,Kaman
80,/wiki/Kaman_Erippu_Attam_(Kaman_Scorch_Dance),Kaman Erippu Attam (Kaman Scorch Dance),Kaman Erippu Attam (Kaman Scorch Dance)
81,/wiki/Kamatta,Kamatta,Kamatta
82,/wiki/Kambadasan,Kambadasan,Kambadasan
83,/wiki/Kamban_Puthiya_Parvai,Kamban Puthiya Parvai,Kamban Puthiya Parvai
84,/wiki/Kambanum_Miltanum_Oru_Puthiya_Parvai,Kambanum Miltanum Oru Puthiya Parvai,Kambanum Miltanum Oru Puthiya Parvai
85,/wiki/Kambaramayanam,Kambaramayanam,Kambaramayanam
86,/wiki/Kamini,Kamini,Kamini
87,/wiki/Kampar_Kanimozhi,Kampar Kanimozhi,Kampar Kanimozhi
88,/wiki/Kanagasabai_Pulavar,Kanagasabai Pulavar,Kanagasabai Pulavar
89,/wiki/Kanagasabaipillai,Kanagasabaipillai,Kanagasabaipillai
90,/wiki/Kanagasabapathy_Iyer,Kanagasabapathy Iyer,Kanagasabapathy Iyer
91,/wiki/Kanal_Nadhi_(Novel),Kanal Nadhi (Novel),Kanal Nadhi (Novel)
92,/wiki/Kanavaalan_Kootam,Kanavaalan Kootam,Kanavaalan Kootam
93,/wiki/Kanavu_Thozhirchalai,Kanavu Thozhirchalai,Kanavu Thozhirchalai
94,/wiki/Kandarathithan,Kandarathithan,Kandarathithan
95,/wiki/Kangal_Urangavo_(Novel),Kangal Urangavo (Novel),Kangal Urangavo (Novel)
96,/wiki/Kaniyan_Pungundranar,Kaniyan Pungundranar,Kaniyan Pungundranar
97,/wiki/Kanmani_Gunasekaran,Kanmani Gunasekaran,Kanmani Gunasekaran
98,/wiki/Kannadasan,Kannadasan,Kannadasan
99,/wiki/Kannan_(Magazine),Kannan (Magazine),Kannan (Magazine)
100,/wiki/Kannan_Kootam,Kannan Kootam,Kannan Kootam
101,/wiki/Kannan_Peruntoothu_(Short_Story),Kannan Peruntoothu (Short Story),Kannan Peruntoothu (Short Story)
102,/wiki/Kanni_Theevu,Kanni Theevu,Kanni Theevu
103,/wiki/Kanthaiya_Uruthirapathy,Kanthaiya Uruthirapathy,Kanthaiya Uruthirapathy
104,/wiki/Kanthapillai,Kanthapillai,Kanthapillai
105,/wiki/Kanthappa_Swami,Kanthappa Swami,Kanthappa Swami
106,/wiki/Kapila_Sage,Kapila Sage,Kapila Sage
107,/wiki/Kapilar_(Inna_Narpathu),Kapilar (Inna Narpathu),Kapilar (Inna Narpathu)
108,/wiki/Kapilar_(Paatiyal_Pulavar),Kapilar (Paatiyal Pulavar),Kapilar (Paatiyal Pulavar)
109,/wiki/Kapilar_(Tiruvalluvamalai_Padal),Kapilar (Tiruvalluvamalai Padal),Kapilar (Tiruvalluvamalai Padal)
110,/wiki/Kappal_Paatu,Kappal Paatu,Kappal Paatu
111,/wiki/Kappumalai,Kappumalai,Kappumalai
112,/wiki/Kar_Narpathu,Kar Narpathu,Kar Narpathu
113,/wiki/Karaikal_Ammaiyar,Karaikal Ammaiyar,Karaikal Ammaiyar
114,/wiki/Karaikal_Malaiperumal_Pillai,Karaikal Malaiperumal Pillai,Karaikal Malaiperumal Pillai
115,/wiki/Karaikal_Sonasi_Pillai,Karaikal Sonasi Pillai,Karaikal Sonasi Pillai
116,/wiki/Karaiyora_Muthazhaigal,Karaiyora Muthazhaigal,Karaiyora Muthazhaigal
117,/wiki/Karanthai_Kunthunathar_Temple,Karanthai Kunthunathar Temple,Karanthai Kunthunathar Temple
118,/wiki/Karanthai_Rathinam_Pillai,Karanthai Rathinam Pillai,Karanthai Rathinam Pillai
119,/wiki/Karasur_Padmabharathi,Karasur Padmabharathi,Karasur Padmabharathi
120,/wiki/Karattur_Ramu,Karattur Ramu,Karattur Ramu
121,/wiki/Karichan_Kunju,Karichan Kunju,Karichan Kunju
122,/wiki/Karisal_(novel),Karisal (novel),Karisal (novel)
123,/wiki/Karithundu,Karithundu,Karithundu
124,/wiki/Karnamirtha_Sagaram,Karnamirtha Sagaram,Karnamirtha Sagaram
125,/wiki/Karol_Viswanatha_Pillai,Karol Viswanatha Pillai,Karol Viswanatha Pillai
126,/wiki/Karthick_Pugazhendhi,Karthick Pugazhendhi,Karthick Pugazhendhi
127,/wiki/Karthigai_Pandiyan,Karthigai Pandiyan,Karthigai Pandiyan
128,/wiki/Karthikesu_Mathiyaparanam,Karthikesu Mathiyaparanam,Karthikesu Mathiyaparanam
129,/wiki/Karumbu_(Magazine),Karumbu (Magazine),Karumbu (Magazine)
130,/wiki/Karunguyil_Kundrathu_Kolai,Karunguyil Kundrathu Kolai,Karunguyil Kundrathu Kolai
131,/wiki/Karuppankilar_S.A._Ramasamy_Pulavar,Karuppankilar S.A. Ramasamy Pulavar,Karuppankilar S.A. Ramasamy Pulavar
132,/wiki/Karuvoor_Cheramaan_Sathan,Karuvoor Cheramaan Sathan,Karuvoor Cheramaan Sathan
133,/wiki/Karuvoor_Kizhar,Karuvoor Kizhar,Karuvoor Kizhar
134,/wiki/Kasadathapara_(Magazine),Kasadathapara (Magazine),Kasadathapara (Magazine)
135,/wiki/Kasiyaban,Kasiyaban,Kasiyaban
136,/wiki/Kathai_Vasippu,Kathai Vasippu,Kathai Vasippu
137,/wiki/Kathirkamu_Rathinam,Kathirkamu Rathinam,Kathirkamu Rathinam
138,/wiki/Kathirverpillai,Kathirverpillai,Kathirverpillai
139,/wiki/Kattusiruvan_Kannan,Kattusiruvan Kannan,Kattusiruvan Kannan
140,/wiki/Kavalai,Kavalai,Kavalai
141,/wiki/Kavya_Shanmugasundaram,Kavya Shanmugasundaram,Kavya Shanmugasundaram
142,/wiki/Kayamai,Kayamai,Kayamai
143,/wiki/Kayuru,Kayuru,Kayuru
144,/wiki/Keelavalavu_Hill,Keelavalavu Hill,Keelavalavu Hill
145,/wiki/Keeralgal_(Novel),Keeralgal (Novel),Keeralgal (Novel)
146,/wiki/Keeran_Koottam,Keeran Koottam,Keeran Koottam
147,/wiki/Keeranur_Chinnathambi_Pillai,Keeranur Chinnathambi Pillai,Keeranur Chinnathambi Pillai
148,/wiki/Keeranur_Zakir_Raja,Keeranur Zakir Raja,Keeranur Zakir Raja
149,/wiki/Ki.Va._Jagannathan,Ki.Va. Jagannathan,Ki.Va. Jagannathan
150,/wiki/Ki._Parthiba_Raja,Ki. Parthiba Raja,Ki. Parthiba Raja
151,/wiki/Ki._Saraswathi_Ammal,Ki. Saraswathi Ammal,Ki. Saraswathi Ammal
152,/wiki/Kili_Vidu_Thoodu,Kili Vidu Thoodu,Kili Vidu Thoodu
153,/wiki/Killimangalan_Kilar,Killimangalan Kilar,Killimangalan Kilar
154,/wiki/Killimangalan_Kilarmaganar_Cherakovanar,Killimangalan Kilarmaganar Cherakovanar,Killimangalan Kilarmaganar Cherakovanar
155,/wiki/King_Viswa,King Viswa,King Viswa
156,/wiki/Kiruthika,Kiruthika,Kiruthika
157,/wiki/Kodangi_Paatu,Kodangi Paatu,Kodangi Paatu
158,/wiki/Kodivanamudayal_Temple,Kodivanamudayal Temple,Kodivanamudayal Temple
159,/wiki/Kogayam_(Magazine),Kogayam (Magazine),Kogayam (Magazine)
160,/wiki/Kollipavai,Kollipavai,Kollipavai
161,/wiki/Kollu_Nadeem,Kollu Nadeem,Kollu Nadeem
162,/wiki/Komali,Komali,Komali
163,/wiki/Konangi,Konangi,Konangi
164,/wiki/Konangi_Aatam,Konangi Aatam,Konangi Aatam
165,/wiki/Konerirajapuram_Vaidyanatha_Ayyar,Konerirajapuram Vaidyanatha Ayyar,Konerirajapuram Vaidyanatha Ayyar
166,/wiki/Koodalur_Kilar,Koodalur Kilar,Koodalur Kilar
167,/wiki/Kothamangalam_Subbu,Kothamangalam Subbu,Kothamangalam Subbu
168,/wiki/Krishnalwar,Krishnalwar,Krishnalwar
169,/wiki/Krishnamacharyar,Krishnamacharyar,Krishnamacharyar
170,/wiki/Krishnamurthy,Krishnamurthy,Krishnamurthy
171,/wiki/Krishnan_Nambi,Krishnan Nambi,Krishnan Nambi
172,/wiki/Krupa_Satthianadhan,Krupa Satthianadhan,Krupa Satthianadhan
173,/wiki/Ku.Pa._Sethu_Ammal,Ku.Pa. Sethu Ammal,Ku.Pa. Sethu Ammal
174,/wiki/Ku._Azhagirisamy,Ku. Azhagirisamy,Ku. Azhagirisamy
175,/wiki/Ku._Pa._Rajagopalan,Ku. Pa. Rajagopalan,Ku. Pa. Rajagopalan
176,/wiki/Ku._Rajavelu,Ku. Rajavelu,Ku. Rajavelu
177,/wiki/Ku._Sivaraman,Ku. Sivaraman,Ku. Sivaraman
178,/wiki/Kuchu_Kuchu_Rakkamma,Kuchu Kuchu Rakkamma,Kuchu Kuchu Rakkamma
179,/wiki/Kudukudupai_Nayakkar,Kudukudupai Nayakkar,Kudukudupai Nayakkar
180,/wiki/Kulala_Mitran,Kulala Mitran,Kulala Mitran
181,/wiki/Kulamakan_(Paatiyal),Kulamakan (Paatiyal),Kulamakan (Paatiyal)
182,/wiki/Kulanthai_Kavirayar,Kulanthai Kavirayar,Kulanthai Kavirayar
183,/wiki/Kulathangarai_Arasamaram,Kulathangarai Arasamaram,Kulathangarai Arasamaram
184,/wiki/Kulikkarai_Pichaiappa_Pillai,Kulikkarai Pichaiappa Pillai,Kulikkarai Pichaiappa Pillai
185,/wiki/Kulla_Chithan_Sarithiram,Kulla Chithan Sarithiram,Kulla Chithan Sarithiram
186,/wiki/Kumara_Vikatan,Kumara Vikatan,Kumara Vikatan
187,/wiki/Kumaradevar,Kumaradevar,Kumaradevar
188,/wiki/Kumaraguruparan_(Poet),Kumaraguruparan (Poet),Kumaraguruparan (Poet)
189,/wiki/Kumaraguruparar,Kumaraguruparar,Kumaraguruparar
190,/wiki/Kumaranandan,Kumaranandan,Kumaranandan
191,/wiki/Kumaraswami_Muthaliyar,Kumaraswami Muthaliyar,Kumaraswami Muthaliyar
192,/wiki/Kumaraswamy_Pillai,Kumaraswamy Pillai,Kumaraswamy Pillai
193,/wiki/Kumari_Kandam,Kumari Kandam,Kumari Kandam
194,/wiki/Kumari_Malar,Kumari Malar,Kumari Malar
195,/wiki/Kumari_Nila_Neetchi,Kumari Nila Neetchi,Kumari Nila Neetchi
196,/wiki/Kumarimainthan,Kumarimainthan,Kumarimainthan
197,/wiki/Kumarithuraivi,Kumarithuraivi,Kumarithuraivi
198,/wiki/Kumbakonam_Chakrapani_Pillai,Kumbakonam Chakrapani Pillai,Kumbakonam Chakrapani Pillai
199,/wiki/Kumbakonam_Ramiah_Pillai,Kumbakonam Ramiah Pillai,Kumbakonam Ramiah Pillai
200,/wiki/Kumbakonam_Sivakolundhu_Pillai,Kumbakonam Sivakolundhu Pillai,Kumbakonam Sivakolundhu Pillai
201,/wiki/Kumbakonam_Thathakkrishnan,Kumbakonam Thathakkrishnan,Kumbakonam Thathakkrishnan
202,/wiki/Kumudam_(Magazine),Kumudam (Magazine),Kumudam (Magazine)
203,/wiki/Kumuthini,Kumuthini,Kumuthini
204,/wiki/Kunangudi_Masthan_Sahib,Kunangudi Masthan Sahib,Kunangudi Masthan Sahib
205,/wiki/Kundrurkilar_Makanar_Kannathanar,Kundrurkilar Makanar Kannathanar,Kundrurkilar Makanar Kannathanar
206,/wiki/Kunnathur_Rishabhanatha_Temple,Kunnathur Rishabhanatha Temple,Kunnathur Rishabhanatha Temple
207,/wiki/Kunthunath,Kunthunath,Kunthunath
208,/wiki/Kurandi_Malai_(Enperumkundram),Kurandi Malai (Enperumkundram),Kurandi Malai (Enperumkundram)
209,/wiki/Kurangu_Kusala,Kurangu Kusala,Kurangu Kusala
210,/wiki/Kurathi_Mudukku,Kurathi Mudukku,Kurathi Mudukku
211,/wiki/Kurathippattu,Kurathippattu,Kurathippattu
212,/wiki/Kuraththikali,Kuraththikali,Kuraththikali
213,/wiki/Kurinjithen,Kurinjithen,Kurinjithen
214,/wiki/Kurumalai_Sundaram_Pillai,Kurumalai Sundaram Pillai,Kurumalai Sundaram Pillai
215,/wiki/Kurunkoliyur_Kilar,Kurunkoliyur Kilar,Kurunkoliyur Kilar
216,/wiki/Kuruvaluthiyar,Kuruvaluthiyar,Kuruvaluthiyar
217,/wiki/Kuyil,Kuyil,Kuyil
218,/wiki/Kuyilar_Kootam,Kuyilar Kootam,Kuyilar Kootam
