,href,Text content,layer3
0,/wiki/M.A._Elanjselvan,M.A. Elanjselvan,M.A. Elanjselvan
1,/wiki/M.A._Nuhman,M.A. Nuhman,M.A. Nuhman
2,/wiki/M.C._Madurai_Pillai,M.C. Madurai Pillai,M.C. Madurai Pillai
3,/wiki/M.C._Rajah,M.C. Rajah,M.C. Rajah
4,/wiki/M.K._Kumar,M.K. Kumar,M.K. Kumar
5,/wiki/M.K._Thiyagaraja_Bhagavathar,M.K. Thiyagaraja Bhagavathar,M.K. Thiyagaraja Bhagavathar
6,/wiki/M.S._Kalyanasundaram,M.S. Kalyanasundaram,M.S. Kalyanasundaram
7,/wiki/M._A._Susila,M. A. Susila,M. A. Susila
8,/wiki/M._Gopalakrishnan,M. Gopalakrishnan,M. Gopalakrishnan
9,/wiki/M._Krishnan,M. Krishnan,M. Krishnan
10,/wiki/M._Navin,M. Navin,M. Navin
11,/wiki/M._S._Kamala,M. S. Kamala,M. S. Kamala
12,/wiki/M._Sivasubramaniam,M. Sivasubramaniam,M. Sivasubramaniam
13,/wiki/M._Subramoniam,M. Subramoniam,M. Subramoniam
14,/wiki/M._Vethasagayakumar,M. Vethasagayakumar,M. Vethasagayakumar
15,/wiki/Madhusudhanan_Sampath,Madhusudhanan Sampath,Madhusudhanan Sampath
16,/wiki/Main_Page,Main Page,Main Page
17,/wiki/Main_Page_(English),Main Page (English),Main Page (English)
18,/wiki/Mamang_Dai,Mamang Dai,Mamang Dai
19,/wiki/Manisha_Raju,Manisha Raju,Manisha Raju
20,/wiki/Maraimalai_Adigal,Maraimalai Adigal,Maraimalai Adigal
21,/wiki/Martha_Ann_Selby,Martha Ann Selby,Martha Ann Selby
22,/wiki/Maunaguru,Maunaguru,Maunaguru
23,/wiki/Mayuram_Vedanayagam_Pillai,Mayuram Vedanayagam Pillai,Mayuram Vedanayagam Pillai
24,/wiki/Metaphorical_Style_(Uruvaka_Ani),Metaphorical Style (Uruvaka Ani),Metaphorical Style (Uruvaka Ani)
25,/wiki/Mowni,Mowni,Mowni
26,"/wiki/Murugan,_The_Tiller_(novel)","Murugan, The Tiller (novel)","Murugan, The Tiller (novel)"
