,href,Text content,layer3
0,/wiki/N._Chokkan,N. Chokkan,N. Chokkan
1,/wiki/N._Sriram,N. Sriram,N. Sriram
2,/wiki/Na._Parthasarathy,Na. Parthasarathy,Na. Parthasarathy
3,/wiki/Na._Pichamurthy,Na. Pichamurthy,Na. Pichamurthy
4,/wiki/Na._Vanamamalai,Na. Vanamamalai,Na. Vanamamalai
5,/wiki/Nadanthaai_vaazhi_Kaveri,Nadanthaai vaazhi Kaveri,Nadanthaai vaazhi Kaveri
6,/wiki/Nakulan,Nakulan,Nakulan
7,/wiki/Nallapillai_Bharatham,Nallapillai Bharatham,Nallapillai Bharatham
8,/wiki/Nanjil_Nadan,Nanjil Nadan,Nanjil Nadan
9,/wiki/Nanool,Nanool,Nanool
10,/wiki/Navasakthi,Navasakthi,Navasakthi
11,/wiki/Nayanmar,Nayanmar,Nayanmar
12,/wiki/Nikandu,Nikandu,Nikandu
13,/wiki/Nonbu,Nonbu,Nonbu
