,href,Text content,layer3
0,/wiki/P._Saravanan,P. Saravanan,P. Saravanan
1,/wiki/Pa._Singaram,Pa. Singaram,Pa. Singaram
2,/wiki/Paatiyal,Paatiyal,Paatiyal
3,/wiki/Padmavathi_Sarithiram,Padmavathi Sarithiram,Padmavathi Sarithiram
4,/wiki/Palli,Palli,Palli
5,/wiki/Pappa,Pappa,Pappa
6,/wiki/Parankusa_Dasar,Parankusa Dasar,Parankusa Dasar
7,/wiki/Parithimar_Kalaignar,Parithimar Kalaignar,Parithimar Kalaignar
8,/wiki/Pathu_Thoon_(Madurai),Pathu Thoon (Madurai),Pathu Thoon (Madurai)
9,/wiki/Pattabirama_Iyer,Pattabirama Iyer,Pattabirama Iyer
10,/wiki/Periyasamy_Thooran,Periyasamy Thooran,Periyasamy Thooran
11,/wiki/Perundevi,Perundevi,Perundevi
12,/wiki/Pillaithamizh,Pillaithamizh,Pillaithamizh
13,/wiki/Pinnattur_Narayanaswamy_Iyer,Pinnattur Narayanaswamy Iyer,Pinnattur Narayanaswamy Iyer
14,/wiki/Ponniyin_Selvan_(novel),Ponniyin Selvan (novel),Ponniyin Selvan (novel)
15,/wiki/Poondi_Ponninathar_Temple,Poondi Ponninathar Temple,Poondi Ponninathar Temple
16,/wiki/Prabandha_Deepam,Prabandha Deepam,Prabandha Deepam
17,/wiki/Prabandha_Deepigai,Prabandha Deepigai,Prabandha Deepigai
18,/wiki/Prapanchan,Prapanchan,Prapanchan
19,/wiki/Prathapa_Mudaliar_Sarithiram,Prathapa Mudaliar Sarithiram,Prathapa Mudaliar Sarithiram
20,/wiki/Premil,Premil,Premil
21,/wiki/Priyamvada,Priyamvada,Priyamvada
22,/wiki/Professor_Jesudasan,Professor Jesudasan,Professor Jesudasan
23,/wiki/Pudhumaipithan,Pudhumaipithan,Pudhumaipithan
24,/wiki/Puyalile_Oru_Thoni,Puyalile Oru Thoni,Puyalile Oru Thoni
