,href,Text content,layer3
0,/wiki/S.A.P._Annamalai,S.A.P. Annamalai,S.A.P. Annamalai
1,/wiki/S.G._Ramanujalu_Naidu,S.G. Ramanujalu Naidu,S.G. Ramanujalu Naidu
2,/wiki/S.P._Aadithanar,S.P. Aadithanar,S.P. Aadithanar
3,/wiki/S.V._Subramanian,S.V. Subramanian,S.V. Subramanian
4,/wiki/S._Ambujammal,S. Ambujammal,S. Ambujammal
5,/wiki/S._Balasundaram,S. Balasundaram,S. Balasundaram
6,/wiki/S._D._S._Yogi,S. D. S. Yogi,S. D. S. Yogi
7,/wiki/S._Dhanapal,S. Dhanapal,S. Dhanapal
8,/wiki/S._Durai,S. Durai,S. Durai
9,/wiki/S._Muthiah,S. Muthiah,S. Muthiah
10,/wiki/S._Navaraj_Chellaiah,S. Navaraj Chellaiah,S. Navaraj Chellaiah
11,/wiki/S._Ramachandran,S. Ramachandran,S. Ramachandran
12,/wiki/S._Ramakrishnan,S. Ramakrishnan,S. Ramakrishnan
13,/wiki/S._Ramakrishnan_(Scholar),S. Ramakrishnan (Scholar),S. Ramakrishnan (Scholar)
14,/wiki/S._Senthilkumar,S. Senthilkumar,S. Senthilkumar
15,/wiki/S._Suresh,S. Suresh,S. Suresh
16,/wiki/S._Vaiyapuri_Pillai,S. Vaiyapuri Pillai,S. Vaiyapuri Pillai
17,/wiki/S._Visalakshi,S. Visalakshi,S. Visalakshi
18,/wiki/Saivam,Saivam,Saivam
19,/wiki/Sampanthan,Sampanthan,Sampanthan
20,/wiki/Sangu_(Quarterly_Literary_Magazine),Sangu (Quarterly Literary Magazine),Sangu (Quarterly Literary Magazine)
21,/wiki/Sangu_Subramaniam,Sangu Subramaniam,Sangu Subramaniam
22,/wiki/Santhosh_Saravanan,Santhosh Saravanan,Santhosh Saravanan
23,/wiki/Sayavanam_Kanagasabapathy_Pillai,Sayavanam Kanagasabapathy Pillai,Sayavanam Kanagasabapathy Pillai
24,/wiki/Se._Sundhararaasan,Se. Sundhararaasan,Se. Sundhararaasan
25,/wiki/Selventhiran,Selventhiran,Selventhiran
26,/wiki/Sevarkulam_Kandasami_Pulavar,Sevarkulam Kandasami Pulavar,Sevarkulam Kandasami Pulavar
27,/wiki/Si.Su._Chellappa,Si.Su. Chellappa,Si.Su. Chellappa
28,/wiki/Siam_Death_Railway,Siam Death Railway,Siam Death Railway
29,/wiki/Simile_Style_(Uvamai_Ani),Simile Style (Uvamai Ani),Simile Style (Uvamai Ani)
30,/wiki/Sitrilakiyam,Sitrilakiyam,Sitrilakiyam
31,/wiki/Sivasankari,Sivasankari,Sivasankari
32,/wiki/Somavathy_or_Ilangai_India_Natpu_(novel),Somavathy or Ilangai India Natpu (novel),Somavathy or Ilangai India Natpu (novel)
33,/wiki/Sooravali_(Magazine),Sooravali (Magazine),Sooravali (Magazine)
34,/wiki/Srirangam_Duraikannu_Pillai,Srirangam Duraikannu Pillai,Srirangam Duraikannu Pillai
35,/wiki/Srirangathu_Devathaigal,Srirangathu Devathaigal,Srirangathu Devathaigal
36,/wiki/Srivenugopalan,Srivenugopalan,Srivenugopalan
37,/wiki/Stalin_Rajangam,Stalin Rajangam,Stalin Rajangam
38,/wiki/Stella_Bruce,Stella Bruce,Stella Bruce
39,/wiki/Sublime,Sublime,Sublime
40,/wiki/Subramania_Pandithar,Subramania Pandithar,Subramania Pandithar
41,/wiki/Suchitra,Suchitra,Suchitra
42,/wiki/Suddhananda_Barathi,Suddhananda Barathi,Suddhananda Barathi
43,/wiki/Sujatha,Sujatha,Sujatha
44,/wiki/Sundara_Mudaliar,Sundara Mudaliar,Sundara Mudaliar
45,/wiki/Sundara_Ramaswamy,Sundara Ramaswamy,Sundara Ramaswamy
46,/wiki/Suneel_Krishnan,Suneel Krishnan,Suneel Krishnan
47,/wiki/Suriyanarkoil_Narayanaswamy_Pillai,Suriyanarkoil Narayanaswamy Pillai,Suriyanarkoil Narayanaswamy Pillai
48,/wiki/Susanna_Emilia_Addis,Susanna Emilia Addis,Susanna Emilia Addis
49,/wiki/Swami_Vipulananda,Swami Vipulananda,Swami Vipulananda
